[{"model": "sites.site", "pk": 1, "fields": {"domain": "example.com", "name": "example.com"}}, {"model": "sessions.session", "pk": "839qrmc0mwjvx1t22n5ft0a35zok7b9k", "fields": {"session_data": ".eJxVjDEOwjAMRe-SGUXBUZyUkZ0zRLbj0AJqpaadKu4OlTrA-t97fzOZ1qXPa9M5D8VcjPfm9DsyyVPHnZQHjffJyjQu88B2V-xBm71NRV_Xw_076Kn13xpiUqRUAqUOGCooqY-C6GLgUD1LSeHMjA4h-sAAIkjFVexYxYl5fwAQRDiR:1qYApe:vBRlwud9M88sRqGZR0XEpfcvkkuoKNY9yk48eGIrK0s", "expire_date": "2023-09-04T19:44:58.235Z"}}, {"model": "sessions.session", "pk": "fw7bta10sif5taplp08278uvazxgtbvg", "fields": {"session_data": ".eJxVjDEOwjAMRe-SGUXBUZyUkZ0zRLbj0AJqpaadKu4OlTrA-t97fzOZ1qXPa9M5D8VcjPfm9DsyyVPHnZQHjffJyjQu88B2V-xBm71NRV_Xw_076Kn13xpiUqRUAqUOGCooqY-C6GLgUD1LSeHMjA4h-sAAIkjFVexYxYl5fwAQRDiR:1qcmt8:QURYx53wm53XI9WSG7ZWQlb0F2D1FdxyhG705AizP38", "expire_date": "2023-09-17T13:11:38.603Z"}}, {"model": "sessions.session", "pk": "l4xmv5smfwiis5el0olw90k5b0qko8f1", "fields": {"session_data": ".eJxVjMsOwiAQAP-FsyGwZXl49N5vIAsLtmpoUtqT8d9Nkx70OjOZt4i0b1Pce1njzOIqBiMuvzBRfpZ2GH5Quy8yL21b5ySPRJ62y3Hh8rqd7d9goj4d38qgIamkQRNb670GPxhNiACoGJUdXOBcXSFVcgUTFKCpDiGQt058vt8yNtw:1qiI8w:5o2zK0vw_11TKI5kRGmf8AFVtniiFcwgFzc4WUQiRNU", "expire_date": "2023-10-02T17:34:42.475Z"}}, {"model": "sessions.session", "pk": "m6frpsau9uwdyvpwt3uuak6ehuf9kdyv", "fields": {"session_data": ".eJxVjDEOwjAMRe-SGUXBUZyUkZ0zRLbj0AJqpaadKu4OlTrA-t97fzOZ1qXPa9M5D8VcjPfm9DsyyVPHnZQHjffJyjQu88B2V-xBm71NRV_Xw_076Kn13xpiUqRUAqUOGCooqY-C6GLgUD1LSeHMjA4h-sAAIkjFVexYxYl5fwAQRDiR:1qdtek:z993ZYq8S7HhBHwkXNm8OWWmn5mIXzkrIkm0K0xJ0O0", "expire_date": "2023-09-20T14:37:22.500Z"}}, {"model": "sessions.session", "pk": "qmhvlogya1s0z82zupdn319qxqwgm2wf", "fields": {"session_data": ".eJxVjDEOwjAMRe-SGUXBUZyUkZ0zRLbj0AJqpaadKu4OlTrA-t97fzOZ1qXPa9M5D8VcjPfm9DsyyVPHnZQHjffJyjQu88B2V-xBm71NRV_Xw_076Kn13xpiUqRUAqUOGCooqY-C6GLgUD1LSeHMjA4h-sAAIkjFVexYxYl5fwAQRDiR:1qg2oq:8puyvxSu3fWvYqdlRX7gpr8cmbsI9Os134lxZrP8X1U", "expire_date": "2023-09-26T12:48:40.811Z"}}, {"model": "sessions.session", "pk": "tv24o5mmnpeyexgfoefa31zzgpimxm6d", "fields": {"session_data": ".eJxVjDEOwjAMRe-SGUXBUZyUkZ0zRLbj0AJqpaadKu4OlTrA-t97fzOZ1qXPa9M5D8VcjPfm9DsyyVPHnZQHjffJyjQu88B2V-xBm71NRV_Xw_076Kn13xpiUqRUAqUOGCooqY-C6GLgUD1LSeHMjA4h-sAAIkjFVexYxYl5fwAQRDiR:1qdVsc:TURjHlED8pBkE35jtQXaC5ZgId6DcK7Kdy28L2HvuMs", "expire_date": "2023-09-19T13:14:06.178Z"}}, {"model": "admin.notary", "pk": 2, "fields": {"first_name": "Jack", "last_name": "Notenberg", "email": "notary@gmail.com", "phone": "+38 (098) 567-81-20", "avatar": "1695059504.854046.jpg"}}, {"model": "admin.notary", "pk": 3, "fields": {"first_name": "Den", "last_name": "Benchmark", "email": "danbenchmark@gmail.com", "phone": "+38 (098) 567-81-21", "avatar": "1695059535.236659.jpg"}}, {"model": "builder.complex", "pk": 16, "fields": {"title": "ЖК Миллениум", "description": "Описание ЖК Миллениум", "address": "адресс нашего ЖК", "builder": 33, "map_lat": null, "map_lon": null, "main_photo": "1694981260.847979.jpg", "min_price": 7500, "price_per_square": 150, "min_squares": 50, "status": "Квартиры", "level": "Элитный", "type": "Многоквартирный", "material_type": "Монолитный каркас с керамзитно-блочным заполнением", "perimeter_status": "Закрытая охраняемая", "sea_destination_m": 100, "ceiling_height_m": 3, "gas": true, "heating": "Центральное", "electricity": true, "water_supply": "Центральное", "sewerage": "Центральная", "registration_type": "тип регистрации", "payment_type": "Мат.капитал", "payment_target": "цель покупки", "price_in_contract": "Цена в контракте", "date_added": "2023-09-17"}}, {"model": "builder.gallerycomplex", "pk": 29, "fields": {"image": "1694981260.842659.jpg", "complex": 16}}, {"model": "builder.gallerycomplex", "pk": 30, "fields": {"image": "1694981260.845339.jpg", "complex": 16}}, {"model": "builder.dockitcomplex", "pk": 14, "fields": {"file": "complexes/doc-kit/Python-Unit-Test-Automation.pdf", "complex": 16}}, {"model": "builder.benefit", "pk": 14, "fields": {"playground": true, "school": true, "tennis_court": false, "shopping_mall": false, "subway": true, "park": true, "complex": 16}}, {"model": "builder.corp", "pk": 6, "fields": {"title": "Корпус 1", "complex": 16}}, {"model": "builder.section", "pk": 8, "fields": {"title": "Секция 1", "corp": 6}}, {"model": "builder.section", "pk": 9, "fields": {"title": "Секция 2", "corp": 6}}, {"model": "builder.section", "pk": 10, "fields": {"title": "Секция 3", "corp": 6}}, {"model": "builder.floor", "pk": 11, "fields": {"title": "1", "section": 8}}, {"model": "builder.floor", "pk": 12, "fields": {"title": "2", "section": 8}}, {"model": "builder.floor", "pk": 13, "fields": {"title": "3", "section": 8}}, {"model": "builder.floor", "pk": 14, "fields": {"title": "1", "section": 9}}, {"model": "builder.floor", "pk": 15, "fields": {"title": "1", "section": 10}}, {"model": "builder.floor", "pk": 16, "fields": {"title": "2", "section": 10}}, {"model": "builder.floor", "pk": 17, "fields": {"title": "3", "section": 10}}, {"model": "builder.sewer", "pk": 12, "fields": {"number": "1", "section": 8}}, {"model": "builder.sewer", "pk": 13, "fields": {"number": "2", "section": 8}}, {"model": "builder.sewer", "pk": 14, "fields": {"number": "3", "section": 8}}, {"model": "builder.sewer", "pk": 15, "fields": {"number": "1", "section": 9}}, {"model": "builder.sewer", "pk": 16, "fields": {"number": "1", "section": 10}}, {"model": "builder.sewer", "pk": 17, "fields": {"number": "2", "section": 10}}, {"model": "builder.news", "pk": 2, "fields": {"title": "Новость 1", "description": "Описание новости 1", "date_published": "2023-09-17", "complex": 16}}, {"model": "builder.news", "pk": 3, "fields": {"title": "Новость 2", "description": "Описание новости 2", "date_published": "2023-09-17", "complex": 16}}, {"model": "builder.news", "pk": 4, "fields": {"title": "Новость 3", "description": "Описание новости 3", "date_published": "2023-09-17", "complex": 16}}, {"model": "builder.apartment", "pk": 9, "fields": {"number": "1", "scheme": "1694984240.333806.jpg", "section": 8, "floor": 12, "sewer": 12, "complex": 16, "owner": 33, "square": 150, "price": 2000000, "is_booked": false, "is_moderated": true, "moderation_status": null, "price_per_m2": 13333}}, {"model": "builder.apartment", "pk": 10, "fields": {"number": "2", "scheme": "1695048756.326275.png", "section": 8, "floor": 12, "sewer": 13, "complex": 16, "owner": 26, "square": 150, "price": 1000000, "is_booked": true, "is_moderated": null, "moderation_status": null, "price_per_m2": 6667}}, {"model": "builder.apartment", "pk": 11, "fields": {"number": "3", "scheme": "1695049100.655443.jpg", "section": 8, "floor": 12, "sewer": 14, "complex": 16, "owner": 26, "square": 170, "price": 2500000, "is_booked": true, "is_moderated": null, "moderation_status": null, "price_per_m2": 14706}}, {"model": "client.announcement", "pk": 13, "fields": {"complex": 16, "apartment": null, "address": "Paris", "map_lat": "41.3902050000000000", "map_lon": "2.1540070000000000", "description": "description", "main_photo": "1695051293.086026.png", "is_actual": true, "is_moderated": true, "moderation_status": null, "client": 26, "grounds_doc": "Собственность", "appointment": "Дом", "room_count": "3", "layout": "Студия, санузел", "living_condition": "Черновая", "kitchen_square": 100, "balcony_or_loggia": true, "heating_type": "Центральное", "payment_type": "Ипотека", "agent_commission": 5000, "communication_type": "Звонок + сообщение", "date_published": "2023-09-18T15:34:53.086Z", "watched_count": 0, "square": 1000, "price": 1500000, "price_per_m2": 1500}}, {"model": "client.announcement", "pk": 14, "fields": {"complex": 16, "apartment": 10, "address": "Харьков", "map_lat": "41.3902050000000000", "map_lon": "2.1540070000000000", "description": "Описание объявления", "main_photo": "1695056233.836708.png", "is_actual": true, "is_moderated": true, "moderation_status": null, "client": 26, "grounds_doc": "Собственность", "appointment": "Дом", "room_count": "2", "layout": "Студия, санузел", "living_condition": "Черновая", "kitchen_square": 150, "balcony_or_loggia": true, "heating_type": "Центральное", "payment_type": "Ипотека", "agent_commission": 5000, "communication_type": "Звонок + сообщение", "date_published": "2023-09-18T16:57:13.837Z", "watched_count": 0, "square": 1000, "price": 1000000, "price_per_m2": 1000}}, {"model": "client.announcement", "pk": 15, "fields": {"complex": 16, "apartment": null, "address": "Одесса", "map_lat": "41.3902050000000000", "map_lon": "2.1540070000000000", "description": "Описание объявления", "main_photo": "1695057018.663489.png", "is_actual": true, "is_moderated": true, "moderation_status": null, "client": 26, "grounds_doc": "Собственность", "appointment": "Дом", "room_count": "2", "layout": "Студия, санузел", "living_condition": "Черновая", "kitchen_square": 250, "balcony_or_loggia": true, "heating_type": "Центральное", "payment_type": "Ипотека", "agent_commission": 5000, "communication_type": "Звонок + сообщение", "date_published": "2023-09-18T17:10:18.663Z", "watched_count": 0, "square": 2000, "price": 1250000, "price_per_m2": 625}}, {"model": "client.galleryannouncement", "pk": 53, "fields": {"image": "1695051293.090942.png", "order": 1, "announcement": 13}}, {"model": "client.galleryannouncement", "pk": 54, "fields": {"image": "1695051293.094896.png", "order": 2, "announcement": 13}}, {"model": "client.galleryannouncement", "pk": 55, "fields": {"image": "1695056233.841837.png", "order": 1, "announcement": 14}}, {"model": "client.galleryannouncement", "pk": 56, "fields": {"image": "1695056233.844735.png", "order": 2, "announcement": 14}}, {"model": "client.galleryannouncement", "pk": 57, "fields": {"image": "1695056233.84789.png", "order": 3, "announcement": 14}}, {"model": "client.galleryannouncement", "pk": 58, "fields": {"image": "1695057018.670971.png", "order": 1, "announcement": 15}}, {"model": "client.galleryannouncement", "pk": 59, "fields": {"image": "1695057018.675207.png", "order": 2, "announcement": 15}}, {"model": "client.galleryannouncement", "pk": 60, "fields": {"image": "1695057018.676823.png", "order": 3, "announcement": 15}}, {"model": "client.promotion", "pk": 4, "fields": {"is_active": true, "phrase": true, "highlight": true, "highlight_color": "Розовый", "phrase_content": "Подарок при покупке", "big_advert": false, "turbo": false, "raise_advert": true, "price": 1500, "announcement": 14, "expiration_date": "2023-10-18T17:16:53.681Z"}}, {"model": "client.chat", "pk": 2, "fields": {"date_created": "2023-09-17", "users": [33, 26]}}, {"model": "client.chatmessage", "pk": 2, "fields": {"content": "Привет клиент", "sender": 33, "recipient": 26, "chat": 2, "file": "", "date_published": "2023-09-17T20:59:14.506Z"}}, {"model": "client.subscription", "pk": 3, "fields": {"expiration_date": "2023-09-18T23:39:09.326Z", "auto_renewal": true, "client": 33, "is_active": true}}, {"model": "client.subscription", "pk": 4, "fields": {"expiration_date": "2023-09-18T23:39:09.326Z", "auto_renewal": true, "client": 26, "is_active": true}}, {"model": "users.customuser", "pk": 26, "fields": {"password": "pbkdf2_sha256$600000$Wbz13Dl0esYybwuxaZGvRN$F5axFbN5/lQEGbidE70XwX1OdwFDTfS4zNi9tnXU2Is=", "last_login": "2023-09-18T16:15:20.298Z", "is_superuser": false, "first_name": "Client", "last_name": "Client", "is_staff": false, "is_active": true, "date_joined": "2023-08-15T16:39:18.689Z", "email": "badegox807@tipent.com", "avatar": "", "phone": "", "redirect_notifications_to_agent": true, "notification_type": "Мне", "is_builder": false, "groups": [], "user_permissions": [], "favorite_announcements": [], "favorite_complexes": []}}, {"model": "users.customuser", "pk": 33, "fields": {"password": "pbkdf2_sha256$600000$cAuyGEdkJF2qcSh7fVN6GG$BvhatVqfXJ3wQ/8iTAiLH+Z7DTdmaJmy7v/bovfNMVU=", "last_login": "2023-09-12T12:48:40.805Z", "is_superuser": false, "first_name": "Builder", "last_name": "Builder", "is_staff": false, "is_active": true, "date_joined": "2023-08-16T07:48:16.748Z", "email": "pines11482@touchend.com", "avatar": "", "phone": "", "redirect_notifications_to_agent": true, "notification_type": "Мне", "is_builder": true, "groups": [], "user_permissions": [], "favorite_announcements": [], "favorite_complexes": [16]}}, {"model": "users.customuser", "pk": 34, "fields": {"password": "pbkdf2_sha256$600000$ex1ARRAgOK6BVrZFdqMCoZ$I7xBoOJnGqmDJVbTuT5MZJSx8P5GKSJVRqQmJY9kADU=", "last_login": "2023-09-18T17:34:42.468Z", "is_superuser": false, "first_name": "Admin", "last_name": "Admin", "is_staff": true, "is_active": true, "date_joined": "2023-08-19T08:36:07.446Z", "email": "mibawis391@avidapro.com", "avatar": "", "phone": "", "redirect_notifications_to_agent": false, "notification_type": "Мне", "is_builder": false, "groups": [], "user_permissions": [], "favorite_announcements": [], "favorite_complexes": []}}, {"model": "users.contact", "pk": 11, "fields": {"user": 26, "complex": null, "phone": "не указано", "first_name": "не указано", "last_name": "не указано", "email": null}}, {"model": "users.contact", "pk": 18, "fields": {"user": 33, "complex": null, "phone": "не указано", "first_name": "не указано", "last_name": "не указано", "email": null}}, {"model": "users.contact", "pk": 19, "fields": {"user": 34, "complex": null, "phone": "не указано", "first_name": "не указано", "last_name": "не указано", "email": null}}, {"model": "account.emailaddress", "pk": 24, "fields": {"user": 26, "email": "badegox807@tipent.com", "verified": true, "primary": true}}, {"model": "account.emailaddress", "pk": 31, "fields": {"user": 33, "email": "pines11482@touchend.com", "verified": true, "primary": true}}, {"model": "account.emailaddress", "pk": 32, "fields": {"user": 34, "email": "mibawis391@avidapro.com", "verified": true, "primary": true}}]